gpu_mem_total_mib,gpu_mem_used_mib,gpu_mem_util_pct,gpu_power_w,gpu_util_pct,t
,,0.0,12.27,0.0,1785363720.776533
,,0.0,25.29,0.0,1785363721.8052254
,,0.0,31.83,77.0,1785363722.8422031
,,0.0,11.54,0.0,1785363723.8643506
,,0.0,34.69,0.0,1785363724.8885953
,,0.0,34.85,93.0,1785363725.931101
,,0.0,42.68,95.0,1785363726.9559383
,,0.0,49.19,87.0,1785363728.0003994
,,0.0,44.73,96.0,1785363729.057934
,,0.0,58.21,96.0,1785363730.102921
,,0.0,60.11,96.0,1785363731.1626103
,,0.0,56.56,96.0,1785363732.2065625
,,0.0,48.49,11.0,1785363733.2568521
,,0.0,50.05,3.0,1785363734.3065343
,,0.0,58.33,96.0,1785363735.3521667
,,0.0,60.73,91.0,1785363736.3926187
,,0.0,61.72,96.0,1785363737.4315643
,,0.0,54.72,96.0,1785363738.4772947
,,0.0,42.7,0.0,1785363739.5062535
,,0.0,61.93,96.0,1785363740.5585995
,,0.0,62.35,96.0,1785363741.586988
,,0.0,62.86,96.0,1785363742.632598
,,0.0,62.57,58.0,1785363743.66737
,,0.0,59.53,84.0,1785363744.7142909
,,0.0,35.62,96.0,1785363745.7515895
,,0.0,12.53,0.0,1785363746.7779584
,,0.0,33.8,0.0,1785363747.8024595
,,0.0,77.83,96.0,1785363748.8468037
,,0.0,73.73,96.0,1785363749.8992667
,,0.0,73.22,8.0,1785363750.9322824
,,0.0,47.51,96.0,1785363751.9782605
,,0.0,49.53,96.0,1785363753.0263567
,,0.0,49.53,96.0,1785363754.0775588
,,0.0,49.84,96.0,1785363755.1295931
,,0.0,43.07,96.0,1785363756.1865852
,,0.0,41.09,96.0,1785363757.2308843
,,0.0,12.88,0.0,1785363758.2661836
,,0.0,12.66,0.0,1785363759.2903013
,,0.0,12.63,0.0,1785363760.314075
,,0.0,12.58,0.0,1785363761.3378956
,,0.0,12.58,0.0,1785363762.3618984
,,0.0,12.49,0.0,1785363763.3852708
,,0.0,12.4,0.0,1785363764.4087434
,,0.0,12.32,0.0,1785363765.4334373
,,0.0,27.08,0.0,1785363766.4579816
,,0.0,81.89,96.0,1785363767.4857662
,,0.0,84.21,96.0,1785363768.5394096
,,0.0,83.69,96.0,1785363769.5874023
,,0.0,85.23,96.0,1785363770.6116223
,,0.0,85.62,96.0,1785363771.6447947
,,0.0,86.1,96.0,1785363772.6782794
,,0.0,86.29,96.0,1785363773.704692
,,0.0,87.52,96.0,1785363774.7399979
,,0.0,56.25,96.0,1785363775.7851653
,,0.0,44.63,96.0,1785363776.8376348
,,0.0,36.44,96.0,1785363777.8786998
,,0.0,47.53,15.0,1785363778.9034111
,,0.0,45.33,96.0,1785363779.9555018
,,0.0,45.6,96.0,1785363781.0089695
,,0.0,33.24,23.0,1785363782.0596337
,,0.0,18.05,0.0,1785363783.0842967
,,0.0,17.78,0.0,1785363784.109864
,,0.0,15.37,0.0,1785363785.1377058
,,0.0,17.74,0.0,1785363786.165355
,,0.0,22.86,49.0,1785363787.1905332
,,0.0,22.97,0.0,1785363788.2164512
,,0.0,18.09,9.0,1785363789.2525275
,,0.0,23.19,0.0,1785363790.276779
,,0.0,23.07,0.0,1785363791.3015404
,,0.0,17.85,29.0,1785363792.328568
,,0.0,39.57,0.0,1785363793.3547332
,,0.0,37.16,0.0,1785363794.401229
,,0.0,28.56,68.0,1785363795.4311907
,,0.0,30.37,96.0,1785363796.4562275
,,0.0,39.95,0.0,1785363797.5012233
,,0.0,28.37,0.0,1785363798.538268
,,0.0,28.2,86.0,1785363799.5630286
,,0.0,66.75,83.0,1785363800.5882547
,,0.0,41.7,96.0,1785363801.6392648
,,0.0,41.17,32.0,1785363802.6792228
,,0.0,29.82,0.0,1785363803.7075956
,,0.0,29.75,0.0,1785363804.7329154
,,0.0,39.61,96.0,1785363805.757102
,,0.0,36.6,84.0,1785363806.7977633
,,0.0,29.67,0.0,1785363807.8259559
,,0.0,57.82,0.0,1785363808.8503976
,,0.0,74.33,96.0,1785363809.897474
,,0.0,77.99,96.0,1785363810.9336896
,,0.0,79.18,96.0,1785363811.9707263
,,0.0,81.99,96.0,1785363812.9992998
,,0.0,39.03,96.0,1785363814.0349932
,,0.0,33.88,0.0,1785363815.059669
,,0.0,33.82,0.0,1785363816.08368
,,0.0,35.99,0.0,1785363817.1087832
,,0.0,44.29,0.0,1785363818.142301
,,0.0,38.97,96.0,1785363819.179603
,,0.0,33.76,96.0,1785363820.2071187
,,0.0,43.94,88.0,1785363821.2322028
,,0.0,34.53,96.0,1785363822.2793205
,,0.0,34.53,96.0,1785363823.3273268
,,0.0,34.58,96.0,1785363824.3752658
,,0.0,34.49,96.0,1785363825.4198985
,,0.0,34.6,96.0,1785363826.467761
,,0.0,34.99,96.0,1785363827.5139987
,,0.0,35.4,96.0,1785363828.5517797
,,0.0,34.51,96.0,1785363829.599496
,,0.0,34.53,96.0,1785363830.64747
,,0.0,34.52,96.0,1785363831.6967309
,,0.0,34.51,96.0,1785363832.7481437
,,0.0,34.64,96.0,1785363833.7931392
,,0.0,35.0,96.0,1785363834.8446536
,,0.0,35.04,96.0,1785363835.8959384
,,0.0,35.03,96.0,1785363836.9476383
,,0.0,35.03,96.0,1785363837.996922
,,0.0,35.05,96.0,1785363839.0481255
,,0.0,35.0,96.0,1785363840.0940497
,,0.0,35.86,95.0,1785363841.1429024
,,0.0,34.54,96.0,1785363842.1881673
,,0.0,34.58,96.0,1785363843.232821
,,0.0,34.6,96.0,1785363844.282564
,,0.0,34.59,96.0,1785363845.327659
,,0.0,34.6,96.0,1785363846.3756745
,,0.0,34.62,96.0,1785363847.4219391
,,0.0,34.88,96.0,1785363848.4710755
,,0.0,35.01,96.0,1785363849.5191154
,,0.0,35.02,96.0,1785363850.5683339
,,0.0,35.01,96.0,1785363851.6188421
,,0.0,35.1,96.0,1785363852.669391
,,0.0,35.06,96.0,1785363853.7145813
,,0.0,35.07,96.0,1785363854.7654438
,,0.0,35.03,96.0,1785363855.8119678
,,0.0,35.01,96.0,1785363856.8632312
,,0.0,35.06,96.0,1785363857.9146442
,,0.0,35.08,96.0,1785363858.961666
,,0.0,35.08,96.0,1785363860.0082405
,,0.0,35.04,96.0,1785363861.0554235
,,0.0,35.12,96.0,1785363862.1062963
,,0.0,35.11,96.0,1785363863.153319
,,0.0,35.13,96.0,1785363864.204657
,,0.0,35.12,96.0,1785363865.2499545
,,0.0,35.07,96.0,1785363866.3026636
,,0.0,30.27,96.0,1785363867.3580081
,,0.0,32.12,96.0,1785363868.384261
,,0.0,34.58,96.0,1785363869.432187
,,0.0,34.93,96.0,1785363870.478064
,,0.0,35.02,96.0,1785363871.524568
,,0.0,35.04,96.0,1785363872.5709789
,,0.0,35.03,96.0,1785363873.6190941
,,0.0,35.01,96.0,1785363874.667418
,,0.0,35.01,96.0,1785363875.7166474
,,0.0,35.02,96.0,1785363876.7667947
,,0.0,35.09,96.0,1785363877.814045
,,0.0,35.13,96.0,1785363878.8628852
,,0.0,27.33,96.0,1785363879.9133842
,,0.0,34.59,96.0,1785363880.9610083
,,0.0,34.68,96.0,1785363882.0027847
,,0.0,34.7,96.0,1785363883.055045
,,0.0,34.8,96.0,1785363884.1009285
,,0.0,35.1,96.0,1785363885.1466856
,,0.0,35.11,96.0,1785363886.1966496
,,0.0,35.14,96.0,1785363887.2486818
,,0.0,34.35,96.0,1785363888.294675
,,0.0,28.47,96.0,1785363889.3194547
,,0.0,34.6,96.0,1785363890.3693182
,,0.0,34.79,96.0,1785363891.4125726
,,0.0,35.0,96.0,1785363892.4633417
,,0.0,35.04,96.0,1785363893.5145228
,,0.0,35.06,96.0,1785363894.5581973
,,0.0,35.05,96.0,1785363895.6052766
,,0.0,35.06,96.0,1785363896.652346
,,0.0,35.07,96.0,1785363897.7022665
,,0.0,35.08,96.0,1785363898.751644
,,0.0,26.39,0.0,1785363899.80062
,,0.0,34.61,96.0,1785363900.847445
,,0.0,34.61,96.0,1785363901.8968601
,,0.0,34.67,96.0,1785363902.9441404
,,0.0,34.69,96.0,1785363903.993567
,,0.0,34.69,96.0,1785363905.0437593
,,0.0,35.01,96.0,1785363906.0896904
,,0.0,35.11,96.0,1785363907.1381447
,,0.0,35.1,96.0,1785363908.1843667
,,0.0,18.62,0.0,1785363909.2319715
,,0.0,12.88,0.0,1785363910.257265
,,0.0,33.57,96.0,1785363911.281958
,,0.0,34.53,96.0,1785363912.3313634
,,0.0,34.98,96.0,1785363913.3852425
,,0.0,35.05,96.0,1785363914.4321575
,,0.0,34.99,96.0,1785363915.4820395
,,0.0,35.01,96.0,1785363916.529082
,,0.0,35.03,96.0,1785363917.5803776
,,0.0,35.06,96.0,1785363918.6244016
,,0.0,35.11,96.0,1785363919.6743844
,,0.0,35.15,96.0,1785363920.722004
,,0.0,35.1,96.0,1785363921.7695503
,,0.0,35.06,96.0,1785363922.8261712
,,0.0,26.63,96.0,1785363923.8747253
,,0.0,35.09,94.0,1785363924.900384
,,0.0,34.63,96.0,1785363925.947221
,,0.0,34.73,96.0,1785363926.9962568
,,0.0,35.02,96.0,1785363928.0451756
,,0.0,35.07,96.0,1785363929.0944479
,,0.0,35.11,96.0,1785363930.141474
,,0.0,35.09,96.0,1785363931.1895812
,,0.0,35.12,96.0,1785363932.2330947
,,0.0,35.15,96.0,1785363933.2838342
,,0.0,35.21,96.0,1785363934.3312917
,,0.0,35.19,96.0,1785363935.379124
,,0.0,35.22,96.0,1785363936.4262388
,,0.0,25.07,88.0,1785363937.4717093
,,0.0,29.56,95.0,1785363938.4953766
,,0.0,35.08,96.0,1785363939.543035
,,0.0,35.08,96.0,1785363940.5906456
,,0.0,36.9,96.0,1785363941.63713
,,0.0,35.07,96.0,1785363942.6794086
,,0.0,35.12,96.0,1785363943.728471
,,0.0,36.94,96.0,1785363944.7767313
,,0.0,35.14,96.0,1785363945.837016
,,0.0,35.21,96.0,1785363946.8869913
,,0.0,37.03,96.0,1785363947.9344192
,,0.0,35.14,96.0,1785363948.9789598
,,0.0,35.2,96.0,1785363950.0287235
,,0.0,35.14,96.0,1785363951.0809069
,,0.0,36.99,96.0,1785363952.1289065
,,0.0,35.21,96.0,1785363953.1787817
,,0.0,35.19,96.0,1785363954.2299123
,,0.0,36.99,96.0,1785363955.2767594
,,0.0,35.18,96.0,1785363956.3283997
,,0.0,35.14,96.0,1785363957.3770072
,,0.0,37.01,96.0,1785363958.429613
,,0.0,35.17,96.0,1785363959.4761279
,,0.0,35.17,96.0,1785363960.5224533
,,0.0,36.88,96.0,1785363961.5712306
,,0.0,35.13,96.0,1785363962.6280675
,,0.0,35.09,96.0,1785363963.6770444
,,0.0,36.93,96.0,1785363964.7274675
,,0.0,35.14,96.0,1785363965.7767766
,,0.0,35.17,96.0,1785363966.8231478
,,0.0,36.38,96.0,1785363967.8698015
,,0.0,35.16,96.0,1785363968.9244747
,,0.0,35.15,96.0,1785363969.971793
,,0.0,35.15,96.0,1785363971.0223966
,,0.0,36.92,96.0,1785363972.0738466
,,0.0,35.21,96.0,1785363973.1204064
,,0.0,35.23,96.0,1785363974.1702492
,,0.0,36.58,96.0,1785363975.2178361
,,0.0,35.26,96.0,1785363976.2679598
,,0.0,35.26,96.0,1785363977.3223763
,,0.0,37.05,95.0,1785363978.3696568
,,0.0,35.17,96.0,1785363979.413328
,,0.0,35.2,96.0,1785363980.4583366
,,0.0,37.06,96.0,1785363981.5071242
,,0.0,35.25,96.0,1785363982.559058
,,0.0,35.22,96.0,1785363983.6072967
,,0.0,37.06,96.0,1785363984.6582723
,,0.0,35.21,96.0,1785363985.707078
,,0.0,35.18,96.0,1785363986.7543557
,,0.0,35.23,96.0,1785363987.8013608
,,0.0,37.02,95.0,1785363988.8451688
,,0.0,35.3,96.0,1785363989.8923764
,,0.0,35.3,96.0,1785363990.9408555
,,0.0,30.44,96.0,1785363991.985514
,,0.0,35.71,96.0,1785363993.0326688
,,0.0,35.82,96.0,1785363994.078031
,,0.0,35.85,96.0,1785363995.1285145
,,0.0,39.68,94.0,1785363996.177182
,,0.0,35.79,96.0,1785363997.2229943
,,0.0,35.74,96.0,1785363998.2675915
,,0.0,35.63,96.0,1785363999.3153856
,,0.0,39.76,93.0,1785364000.3662174
,,0.0,35.8,96.0,1785364001.4201925
,,0.0,35.78,96.0,1785364002.4703426
,,0.0,35.68,96.0,1785364003.518457
,,0.0,39.77,96.0,1785364004.5660377
,,0.0,35.75,96.0,1785364005.6146715
,,0.0,35.8,96.0,1785364006.6631377
,,0.0,35.85,96.0,1785364007.7102377
,,0.0,39.73,96.0,1785364008.7566836
,,0.0,35.79,96.0,1785364009.806627
,,0.0,35.81,96.0,1785364010.8566866
,,0.0,35.76,96.0,1785364011.9066193
,,0.0,39.57,96.0,1785364012.9535956
,,0.0,35.82,96.0,1785364013.9992044
,,0.0,35.83,96.0,1785364015.0471306
,,0.0,35.8,96.0,1785364016.0969508
,,0.0,39.75,96.0,1785364017.1465127
,,0.0,35.8,96.0,1785364018.194678
,,0.0,35.71,96.0,1785364019.2388499
,,0.0,35.9,96.0,1785364020.2868302
,,0.0,39.74,90.0,1785364021.3348925
,,0.0,35.84,96.0,1785364022.3866866
,,0.0,35.82,96.0,1785364023.4289618
,,0.0,35.76,96.0,1785364024.4758234
,,0.0,31.73,96.0,1785364025.5250628
,,0.0,38.98,96.0,1785364026.5513682
,,0.0,37.05,96.0,1785364027.5987647
,,0.0,37.52,96.0,1785364028.6478355
,,0.0,37.53,96.0,1785364029.698454
,,0.0,43.4,96.0,1785364030.748581
,,0.0,36.7,96.0,1785364031.8009608
,,0.0,37.04,96.0,1785364032.8503203
,,0.0,37.22,96.0,1785364033.8947227
,,0.0,37.72,96.0,1785364034.9410872
,,0.0,43.21,96.0,1785364035.9946504
,,0.0,36.46,96.0,1785364037.0446086
,,0.0,36.52,96.0,1785364038.0892324
,,0.0,36.53,96.0,1785364039.1341743
,,0.0,37.77,96.0,1785364040.1805084
,,0.0,42.05,96.0,1785364041.2315497
,,0.0,36.41,96.0,1785364042.2795851
,,0.0,36.44,96.0,1785364043.3290842
,,0.0,36.58,96.0,1785364044.3762038
,,0.0,38.91,96.0,1785364045.4255216
,,0.0,36.81,96.0,1785364046.4849331
,,0.0,36.91,96.0,1785364047.5397933
,,0.0,37.04,96.0,1785364048.59247
,,0.0,37.68,96.0,1785364049.6416097
,,0.0,41.39,96.0,1785364050.6941328
,,0.0,42.96,96.0,1785364051.7458234
,,0.0,36.92,96.0,1785364052.8016796
,,0.0,36.89,96.0,1785364053.8558803
,,0.0,37.63,96.0,1785364054.908421
,,0.0,38.59,96.0,1785364055.965179
,,0.0,55.66,96.0,1785364057.0216382
,,0.0,40.39,96.0,1785364058.0792384
,,0.0,40.55,96.0,1785364059.1398518
,,0.0,39.91,96.0,1785364060.198189
,,0.0,40.08,96.0,1785364061.2560441
,,0.0,40.29,96.0,1785364062.3143878
,,0.0,40.54,96.0,1785364063.3737848
,,0.0,16.23,96.0,1785364064.4310465
,,0.0,12.94,0.0,1785364065.4543636
,,0.0,12.84,0.0,1785364066.4788048
,,0.0,12.77,0.0,1785364067.5024574
,,0.0,12.71,0.0,1785364068.527358
,,0.0,13.7,0.0,1785364069.557374
,,0.0,12.69,0.0,1785364070.5872192
,,0.0,35.37,96.0,1785364071.652392
,,0.0,35.1,96.0,1785364072.7013264
,,0.0,35.17,96.0,1785364073.7495198
,,0.0,26.58,0.0,1785364074.7983441
,,0.0,35.12,96.0,1785364075.8222911
,,0.0,35.19,96.0,1785364076.867449
,,0.0,35.24,96.0,1785364077.915796
,,0.0,27.29,96.0,1785364078.9606955
,,0.0,34.62,96.0,1785364079.9861948
,,0.0,35.23,96.0,1785364081.0332716
,,0.0,31.54,96.0,1785364082.0809836
,,0.0,30.16,0.0,1785364083.1062722
,,0.0,35.2,96.0,1785364084.1529849
,,0.0,27.19,96.0,1785364085.198917
,,0.0,37.37,96.0,1785364086.2418456
,,0.0,35.1,96.0,1785364087.2951574
,,0.0,35.16,96.0,1785364088.3442366
,,0.0,30.5,96.0,1785364089.39358
,,0.0,35.13,96.0,1785364090.4391112
,,0.0,35.15,96.0,1785364091.484466
,,0.0,35.24,96.0,1785364092.529673
,,0.0,25.32,96.0,1785364093.567192
,,0.0,35.22,96.0,1785364094.6230125
,,0.0,24.29,0.0,1785364095.6664126
,,0.0,37.52,96.0,1785364096.6895123
,,0.0,35.2,96.0,1785364097.7425387
,,0.0,35.24,96.0,1785364098.7888527
,,0.0,24.57,0.0,1785364099.8363407
,,0.0,37.1,96.0,1785364100.8608437
,,0.0,35.18,96.0,1785364101.9094589
,,0.0,31.5,91.0,1785364102.9431438
,,0.0,35.19,96.0,1785364103.9903998
,,0.0,35.23,96.0,1785364105.0411456
,,0.0,30.52,96.0,1785364106.0907528
,,0.0,36.16,96.0,1785364107.1145506
,,0.0,35.26,96.0,1785364108.1595001
,,0.0,35.27,96.0,1785364109.20546
,,0.0,26.57,96.0,1785364110.2479527
,,0.0,40.27,96.0,1785364111.2711136
,,0.0,35.23,96.0,1785364112.3208246
,,0.0,35.19,96.0,1785364113.3654695
,,0.0,30.74,96.0,1785364114.416374
,,0.0,35.19,96.0,1785364115.4673183
,,0.0,35.21,96.0,1785364116.515197
,,0.0,34.24,96.0,1785364117.566246
,,0.0,27.69,96.0,1785364118.5896003
,,0.0,35.24,96.0,1785364119.6407318
,,0.0,35.24,96.0,1785364120.6877844
,,0.0,34.55,96.0,1785364121.734247
,,0.0,26.89,48.0,1785364122.7603412
,,0.0,35.17,96.0,1785364123.8146715
,,0.0,35.17,96.0,1785364124.8615582
,,0.0,35.06,96.0,1785364125.9030092
,,0.0,25.9,0.0,1785364126.9378736
,,0.0,35.11,96.0,1785364127.9810112
,,0.0,35.19,96.0,1785364129.0319917
,,0.0,26.14,93.0,1785364130.0743856
,,0.0,38.95,96.0,1785364131.1265829
,,0.0,35.15,96.0,1785364132.1777563
,,0.0,35.21,96.0,1785364133.2237082
,,0.0,20.32,0.0,1785364134.2728524
,,0.0,39.42,96.0,1785364135.3244805
,,0.0,35.18,96.0,1785364136.3728302
,,0.0,29.63,0.0,1785364137.423129
,,0.0,35.14,96.0,1785364138.4761736
,,0.0,35.15,96.0,1785364139.5256257
,,0.0,35.17,96.0,1785364140.5741575
,,0.0,23.5,0.0,1785364141.6208875
,,0.0,35.39,96.0,1785364142.6625636
,,0.0,35.2,96.0,1785364143.7096345
,,0.0,35.17,96.0,1785364144.7581308
,,0.0,23.18,14.0,1785364145.809119
,,0.0,35.84,96.0,1785364146.8596923
,,0.0,35.12,96.0,1785364147.9036348
,,0.0,35.15,96.0,1785364148.9494398
,,0.0,21.41,96.0,1785364149.993655
,,0.0,37.79,85.0,1785364151.0446675
,,0.0,35.12,96.0,1785364152.0939496
,,0.0,35.19,96.0,1785364153.1459317
,,0.0,21.25,13.0,1785364154.1902614
,,0.0,38.31,96.0,1785364155.2434204
,,0.0,35.15,96.0,1785364156.2929337
,,0.0,35.17,96.0,1785364157.3387864
,,0.0,30.47,0.0,1785364158.3862011
,,0.0,35.16,96.0,1785364159.439927
,,0.0,29.34,96.0,1785364160.4880383
,,0.0,37.83,96.0,1785364161.5122228
,,0.0,35.21,96.0,1785364162.560593
,,0.0,30.58,0.0,1785364163.6076262
,,0.0,35.17,96.0,1785364164.660184
,,0.0,35.14,96.0,1785364165.706277
,,0.0,35.12,96.0,1785364166.749612
,,0.0,31.44,0.0,1785364167.7845209
,,0.0,35.22,96.0,1785364168.8360188
,,0.0,35.2,96.0,1785364169.8789127
,,0.0,30.88,96.0,1785364170.9220052
,,0.0,35.7,0.0,1785364171.9462147
,,0.0,35.21,96.0,1785364172.9922683
,,0.0,35.23,96.0,1785364174.0407782
,,0.0,26.58,96.0,1785364175.0869038
,,0.0,40.12,96.0,1785364176.1125438
,,0.0,35.14,96.0,1785364177.1581209
,,0.0,35.16,96.0,1785364178.2089674
,,0.0,27.52,0.0,1785364179.2591727
,,0.0,37.42,96.0,1785364180.3032992
,,0.0,35.19,96.0,1785364181.3485672
,,0.0,35.24,96.0,1785364182.3899584
,,0.0,30.43,0.0,1785364183.4353483
,,0.0,35.21,96.0,1785364184.476523
,,0.0,35.19,96.0,1785364185.5216336
,,0.0,35.17,96.0,1785364186.5674508
,,0.0,30.93,27.0,1785364187.599278
,,0.0,35.23,96.0,1785364188.6485834
,,0.0,35.21,96.0,1785364189.694437
,,0.0,30.97,21.0,1785364190.7425687
,,0.0,30.13,96.0,1785364191.7672753
,,0.0,35.13,96.0,1785364192.8121707
,,0.0,36.63,96.0,1785364193.8567758
,,0.0,36.67,96.0,1785364194.9060125
,,0.0,30.62,47.0,1785364195.9474366
,,0.0,35.16,96.0,1785364196.998879
,,0.0,36.56,2.0,1785364198.0470161
,,0.0,35.13,96.0,1785364199.0930564
,,0.0,35.19,96.0,1785364200.1438622
,,0.0,34.1,96.0,1785364201.1934276
,,0.0,32.42,0.0,1785364202.2163587
,,0.0,35.15,96.0,1785364203.2625098
,,0.0,35.19,96.0,1785364204.308899
,,0.0,37.2,96.0,1785364205.3549557
,,0.0,35.27,96.0,1785364206.3997793
,,0.0,35.25,96.0,1785364207.4484007
,,0.0,32.18,96.0,1785364208.4955626
,,0.0,29.36,0.0,1785364209.5232458
,,0.0,35.17,96.0,1785364210.5738127
,,0.0,35.16,96.0,1785364211.6236162
,,0.0,37.26,96.0,1785364212.6705472
,,0.0,35.2,96.0,1785364213.7159245
,,0.0,35.25,96.0,1785364214.7632687
,,0.0,29.07,0.0,1785364215.8111103
,,0.0,37.94,96.0,1785364216.8340373
,,0.0,32.64,96.0,1785364217.8822584
,,0.0,40.17,96.0,1785364218.9082668
,,0.0,36.91,2.0,1785364219.9567878
,,0.0,37.31,2.0,1785364221.0074608
,,0.0,35.19,96.0,1785364222.0609946
,,0.0,35.21,96.0,1785364223.1129656
,,0.0,35.26,96.0,1785364224.162186
,,0.0,26.31,0.0,1785364225.1896198
,,0.0,35.19,96.0,1785364226.2427356
,,0.0,35.23,96.0,1785364227.2904825
,,0.0,35.24,96.0,1785364228.3384137
,,0.0,30.81,0.0,1785364229.3884802
,,0.0,35.16,96.0,1785364230.4361444
,,0.0,35.2,96.0,1785364231.483627
,,0.0,31.24,96.0,1785364232.5273829
,,0.0,29.53,0.0,1785364233.5536592
,,0.0,35.13,96.0,1785364234.5980785
,,0.0,35.13,96.0,1785364235.6404595
,,0.0,32.82,49.0,1785364236.6824617
,,0.0,33.82,96.0,1785364237.7070205
,,0.0,35.17,96.0,1785364238.755386
,,0.0,35.2,96.0,1785364239.80209
,,0.0,28.61,18.0,1785364240.845758
,,0.0,32.16,96.0,1785364241.870686
,,0.0,35.17,96.0,1785364242.9169738
,,0.0,35.14,96.0,1785364243.9593792
,,0.0,36.74,2.0,1785364245.006105
,,0.0,35.21,96.0,1785364246.0606346
,,0.0,31.36,96.0,1785364247.1063893
,,0.0,37.51,96.0,1785364248.1512482
,,0.0,40.88,96.0,1785364249.174753
,,0.0,35.22,96.0,1785364250.2217014
,,0.0,35.24,96.0,1785364251.2711594
,,0.0,23.62,96.0,1785364252.316146
,,0.0,37.82,53.0,1785364253.3390062
,,0.0,35.23,96.0,1785364254.387857
,,0.0,35.2,96.0,1785364255.436961
,,0.0,24.84,96.0,1785364256.4860718
,,0.0,41.9,92.0,1785364257.510779
,,0.0,35.15,96.0,1785364258.5557156
,,0.0,35.19,96.0,1785364259.5981667
,,0.0,28.94,96.0,1785364260.642013
,,0.0,35.53,96.0,1785364261.6898172
,,0.0,35.21,96.0,1785364262.7346752
,,0.0,37.0,96.0,1785364263.7777765
,,0.0,35.21,96.0,1785364264.8258002
,,0.0,30.76,96.0,1785364265.8755386
,,0.0,35.2,96.0,1785364266.9247212
,,0.0,35.17,96.0,1785364267.9722762
,,0.0,34.64,96.0,1785364269.019792
,,0.0,36.97,96.0,1785364270.0719578
,,0.0,35.24,96.0,1785364271.1172276
,,0.0,35.32,96.0,1785364272.1677945
,,0.0,30.62,0.0,1785364273.2176783
,,0.0,35.27,96.0,1785364274.2723742
,,0.0,35.24,96.0,1785364275.3170803
,,0.0,34.48,96.0,1785364276.3621535
,,0.0,27.06,0.0,1785364277.3870444
,,0.0,35.26,96.0,1785364278.4342182
,,0.0,37.03,96.0,1785364279.4807565
,,0.0,35.22,96.0,1785364280.527119
,,0.0,35.33,96.0,1785364281.580802
,,0.0,35.33,96.0,1785364282.6316895
,,0.0,25.57,96.0,1785364283.678199
,,0.0,35.14,96.0,1785364284.7234929
,,0.0,35.18,96.0,1785364285.7715373
,,0.0,28.64,0.0,1785364286.8207865
,,0.0,32.88,96.0,1785364287.8457947
,,0.0,35.21,96.0,1785364288.8915412
,,0.0,35.3,96.0,1785364289.940269
,,0.0,29.3,96.0,1785364290.9859827
,,0.0,37.11,96.0,1785364292.0132065
,,0.0,35.24,96.0,1785364293.0534995
,,0.0,26.68,11.0,1785364294.099735
,,0.0,38.73,96.0,1785364295.1424372
,,0.0,35.24,96.0,1785364296.1876929
,,0.0,33.23,96.0,1785364297.238629
,,0.0,33.63,0.0,1785364298.263739
,,0.0,35.24,96.0,1785364299.3129416
,,0.0,35.29,96.0,1785364300.36483
,,0.0,28.49,96.0,1785364301.4111435
,,0.0,37.86,0.0,1785364302.4346552
,,0.0,35.2,96.0,1785364303.4809303
,,0.0,35.26,96.0,1785364304.5246344
,,0.0,24.29,96.0,1785364305.5706632
,,0.0,40.99,29.0,1785364306.5956798
,,0.0,35.29,96.0,1785364307.643239
,,0.0,35.27,96.0,1785364308.6881726
,,0.0,20.8,0.0,1785364309.7307427
,,0.0,40.17,96.0,1785364310.753708
,,0.0,35.2,96.0,1785364311.7970243
,,0.0,35.23,96.0,1785364312.8468332
,,0.0,28.24,0.0,1785364313.8932424
,,0.0,36.36,96.0,1785364314.9366915
,,0.0,35.26,96.0,1785364315.983016
,,0.0,35.31,96.0,1785364317.0286446
,,0.0,30.65,0.0,1785364318.0731323
,,0.0,35.25,96.0,1785364319.1157064
,,0.0,35.26,96.0,1785364320.1627748
,,0.0,34.45,96.0,1785364321.2134712
,,0.0,32.22,0.0,1785364322.2376301
,,0.0,35.26,96.0,1785364323.2956357
,,0.0,35.26,96.0,1785364324.344082
,,0.0,30.8,96.0,1785364325.3914244
,,0.0,35.16,96.0,1785364326.4358358
,,0.0,35.23,96.0,1785364327.4777048
,,0.0,35.26,96.0,1785364328.5237095
,,0.0,30.46,96.0,1785364329.5718365
,,0.0,35.06,96.0,1785364330.6165304
,,0.0,35.19,96.0,1785364331.6604164
,,0.0,33.74,96.0,1785364332.7054763
,,0.0,32.71,96.0,1785364333.7296436
,,0.0,35.15,96.0,1785364334.7759821
,,0.0,35.17,96.0,1785364335.8197987
,,0.0,29.53,95.0,1785364336.871284
,,0.0,30.37,96.0,1785364337.8949738
,,0.0,35.15,96.0,1785364338.93308
,,0.0,35.15,96.0,1785364339.979218
,,0.0,25.19,39.0,1785364341.0242448
,,0.0,41.84,96.0,1785364342.0478354
,,0.0,35.19,96.0,1785364343.0975451
,,0.0,35.21,96.0,1785364344.141291
,,0.0,28.94,10.0,1785364345.1880395
,,0.0,35.15,96.0,1785364346.2333314
,,0.0,34.81,96.0,1785364347.2834218
,,0.0,31.02,96.0,1785364348.3261607
,,0.0,34.92,96.0,1785364349.451478
,,0.0,34.98,96.0,1785364350.541486
,,0.0,34.85,96.0,1785364351.5930452
,,0.0,31.08,96.0,1785364352.638121
,,0.0,35.23,96.0,1785364353.6823616
,,0.0,35.27,96.0,1785364354.7318635
,,0.0,31.9,96.0,1785364355.7805147
,,0.0,34.68,96.0,1785364356.803701
,,0.0,34.67,96.0,1785364357.8491678
,,0.0,34.79,96.0,1785364358.9150505
,,0.0,30.1,96.0,1785364359.9591281
,,0.0,36.45,96.0,1785364360.9847374
,,0.0,34.93,96.0,1785364362.0337799
,,0.0,36.84,96.0,1785364363.1133666
,,0.0,35.28,96.0,1785364364.1621382
,,0.0,37.24,96.0,1785364365.2132304
,,0.0,35.31,96.0,1785364366.2616994
,,0.0,34.86,96.0,1785364367.3095326
,,0.0,28.22,96.0,1785364368.3927016
,,0.0,31.82,96.0,1785364369.4156203
,,0.0,35.01,96.0,1785364370.5076618
,,0.0,36.67,96.0,1785364371.551373
,,0.0,38.13,96.0,1785364372.6066027
,,0.0,38.08,96.0,1785364373.6518092
,,0.0,35.32,96.0,1785364374.7022178
,,0.0,35.36,96.0,1785364375.7476492
,,0.0,30.54,49.0,1785364376.7956896
,,0.0,33.47,0.0,1785364377.8242626
,,0.0,40.56,96.0,1785364378.846988
,,0.0,34.66,96.0,1785364379.8918986
,,0.0,36.63,96.0,1785364380.94134
,,0.0,32.57,96.0,1785364381.9666045
,,0.0,34.9,96.0,1785364383.0405025
,,0.0,32.91,96.0,1785364384.0831532
,,0.0,38.6,96.0,1785364385.126855
,,0.0,35.27,96.0,1785364386.1735945
,,0.0,35.42,96.0,1785364387.221876
,,0.0,30.67,96.0,1785364388.267255
,,0.0,35.38,96.0,1785364389.3189478
,,0.0,35.41,96.0,1785364390.365348
,,0.0,35.42,96.0,1785364391.4127114
,,0.0,30.73,96.0,1785364392.45972
,,0.0,35.32,96.0,1785364393.514118
,,0.0,35.36,96.0,1785364394.5619674
,,0.0,31.23,96.0,1785364395.609406
,,0.0,35.67,96.0,1785364396.633754
,,0.0,35.33,96.0,1785364397.6844242
,,0.0,35.35,96.0,1785364398.7329168
,,0.0,27.09,96.0,1785364399.777652
,,0.0,39.97,96.0,1785364400.8024392
,,0.0,35.3,96.0,1785364401.8515844
,,0.0,35.35,96.0,1785364402.9031157
,,0.0,27.08,96.0,1785364403.951239
,,0.0,37.56,96.0,1785364404.998447
,,0.0,35.34,96.0,1785364406.0501962
,,0.0,35.39,96.0,1785364407.0960557
,,0.0,30.73,96.0,1785364408.1457958
,,0.0,35.32,96.0,1785364409.1995907
,,0.0,35.4,96.0,1785364410.2442136
,,0.0,35.39,96.0,1785364411.2954922
,,0.0,31.43,96.0,1785364412.3262334
,,0.0,34.66,96.0,1785364413.3747387
,,0.0,38.81,96.0,1785364414.4023774
,,0.0,35.31,96.0,1785364415.4528823
,,0.0,35.31,96.0,1785364416.4991896
,,0.0,35.63,96.0,1785364417.5480232
,,0.0,33.67,96.0,1785364418.5727437
,,0.0,35.32,96.0,1785364419.6226602
,,0.0,37.26,2.0,1785364420.6736958
,,0.0,32.39,96.0,1785364421.7172883
,,0.0,40.88,96.0,1785364422.7424014
,,0.0,30.82,0.0,1785364423.7892885
,,0.0,35.32,96.0,1785364424.8424947
,,0.0,35.31,96.0,1785364425.8951304
,,0.0,32.52,96.0,1785364426.9451911
,,0.0,34.3,0.0,1785364427.9707806
,,0.0,35.28,96.0,1785364429.018544
,,0.0,36.9,96.0,1785364430.0673273
,,0.0,35.28,96.0,1785364431.1165657
,,0.0,35.29,96.0,1785364432.1638522
,,0.0,33.6,96.0,1785364433.2127762
,,0.0,28.1,96.0,1785364434.241048
,,0.0,35.23,96.0,1785364435.2905738
,,0.0,35.3,96.0,1785364436.340463
,,0.0,33.94,96.0,1785364437.3916252
,,0.0,32.85,96.0,1785364438.4161353
,,0.0,35.25,96.0,1785364439.4616704
,,0.0,35.32,96.0,1785364440.507621
,,0.0,41.92,96.0,1785364441.5568128
,,0.0,36.99,2.0,1785364442.602108
,,0.0,35.3,96.0,1785364443.6527424
,,0.0,32.72,96.0,1785364444.6978412
,,0.0,38.75,96.0,1785364445.742652
,,0.0,34.59,96.0,1785364446.7905328
,,0.0,32.47,0.0,1785364447.8140152
,,0.0,35.32,96.0,1785364448.8584626
,,0.0,42.32,96.0,1785364449.9014835
,,0.0,35.35,96.0,1785364450.9434943
,,0.0,37.02,96.0,1785364451.9883485
